ID,FirstName,LastName
1036,Edward,Cornish
1069,Christopher,Graham
1075,Evan,Ince
1031,Carl,Avery
1018,Michelle,Wright
1074,Samantha,White
1013,Ryan,Clark
1038,Ian,Jones
1040,Rose,Blake
1054,Tim,Knox
1032,Stephen,Rees
1043,Theresa,Lyman
1017,Richard,Brown
1035,Eric,Bower
1073,Lisa,Slater
1062,Hannah,Black
1001,Elizabeth,Clarkson
1058,Brian,Powell
1004,Sean,Grant
1029,Owen,Smith
1060,Amelia,Rampling
1061,Dominic,Marshall
1005,Lily,Campbell
1033,Mary,Wright
1021,Alexandra,Burgess
1016,Maria,Ferguson
1071,Angela,Hemmings
1044,Sue,Glover
1024,Ruth,Hart
1052,Rachel,Johnston
1019,Zoe,Mathis
1049,Sonia,Rutherford
1008,Anna,Churchill
1065,Isaac,Avery
1037,Thomas,Baker
1026,Luke,Watson
1014,Theresa,Chapman
1010,Jennifer,Coleman
1028,Charles,Mathis
1020,Brian,Robertson
1023,Diana,Poole
1027,Oliver,Blake
1042,Claire,Peters
1034,Jasmine,Wilson
1007,Dorothy,Clarkson
1045,Lucas,Ellison
1057,Carolyn,Sanderson
1050,Mary,Gill
1068,Jonathan,Tucker
1003,Andrew,Peake
1072,Alan,Alsop
1041,Trevor,Butler
1012,Keith,Gill
1009,Oliver,Simpson
1064,Bernadette,Rees
1070,Melanie,Robertson
1048,Diane,Graham
1002,Donna,Hodges
1053,Kevin,Simpson
1015,Audrey,Murray
1063,Paul,Newman
1039,Dylan,Stewart
1025,Madeleine,Carr
1055,Abigail,Burgess
1067,Leah,Smith
1011,Penelope,Peters
